,INTERPRET
Helmut aus Mallorca feat. Jojo's,4.393287057376329e-05
Farid Bang feat. Adel Tawil & Haftbefehl,4.393287057376329e-05
Selina,4.393287057376329e-05
Jumpa x Samra x Takt32,4.393287057376329e-05
Kurdo,4.393287057376329e-05
"Olexesh, Celo & Abdi",4.393287057376329e-05
Sarah & Pietro,4.393287057376329e-05
Giuseppe,4.393287057376329e-05
Jugglerz feat. Azet,4.393287057376329e-05
"KC Rebell feat. PA Sports, Kianush & Kollegah",4.393287057376329e-05
Sido feat. Helge Schneider,4.393287057376329e-05
Capital Bra x Farid Bang x Kontra K,4.393287057376329e-05
Bausa feat. Sido,4.393287057376329e-05
Aquagen & Ingo Appelt,4.393287057376329e-05
Eisbrecher,4.393287057376329e-05
Saltatio Mortis,4.393287057376329e-05
B-Tight,4.393287057376329e-05
Ali471,4.393287057376329e-05
Butrint Imeri & Nimo,4.393287057376329e-05
Monet192 feat. Dardan,4.393287057376329e-05
Pietro Lombardi x Dardan,4.393287057376329e-05
"Kalazh44, Capital Bra",4.393287057376329e-05
Jalil / Samra,4.393287057376329e-05
SSIO x Farid Bang,4.393287057376329e-05
Capital Bra x King Khalil,4.393287057376329e-05
Farid Bang & The Game,4.393287057376329e-05
Olexesh feat. Calo,4.393287057376329e-05
"Gringo, Capital Bra & Kalazh44 feat. HK",4.393287057376329e-05
Oliver Pocher & Bushido,4.393287057376329e-05
Sido feat. Yonii & Beka,4.393287057376329e-05
Nash,4.393287057376329e-05
Mathea,4.393287057376329e-05
Moe Phoenix feat. Eno,4.393287057376329e-05
Kontra K feat. Raf Camora & Bonez MC,4.393287057376329e-05
Samra x Ano,4.393287057376329e-05
Kraftklub feat. Tokio Hotel,4.393287057376329e-05
Lea x Majan,4.393287057376329e-05
"Kasimir1441, Chapo102 & 102 Boyz",4.393287057376329e-05
Olexesh feat. Bonez MC,4.393287057376329e-05
Farid Bang feat. SSIO,4.393287057376329e-05
Reezy / Luciano,4.393287057376329e-05
D Irie,4.393287057376329e-05
Kalazh44 feat. Capital Bra,4.393287057376329e-05
Jazn x Jamule,4.393287057376329e-05
Jenna + Ron,4.393287057376329e-05
"Azzi Memo feat. Nate57, Veysel, Sinan G, Kool Savas, NKSN, Rola, Disarstar, Maestro, Hanybal, Celo &",4.393287057376329e-05
Moses Pelham mit Stefanie Kloß,4.393287057376329e-05
Vanessa Mai feat. Olexesh,4.393287057376329e-05
Schiller mit Jette von Roth,4.393287057376329e-05
Such A Surge,4.393287057376329e-05
Kontra K feat. Capital Bra,4.393287057376329e-05
Ali471 x Mero,4.393287057376329e-05
Farid Bang & B-Case,4.393287057376329e-05
Chris Prinz,4.393287057376329e-05
Ace Of Base,4.393287057376329e-05
Samra x Anonym x Bojan,4.393287057376329e-05
"Eko Fresh, Frauenarzt, Manny Marc, Bass Sultan Hengzt",4.393287057376329e-05
Emily [DE],4.393287057376329e-05
Bonez MC & RAF Camora feat. Bausa,4.393287057376329e-05
Massive Töne feat. Tairo,4.393287057376329e-05
Ufo361 feat. Quavo,4.393287057376329e-05
Fresh Torge feat. Sandra,4.393287057376329e-05
Xatar,4.393287057376329e-05
Dieter Bohlen / Katja Krasavice / Pietro Lombardi,4.393287057376329e-05
Fler feat. Farid Bang,4.393287057376329e-05
Gronkh & Sarazar,4.393287057376329e-05
Ayliva feat. Milano,4.393287057376329e-05
Missyna,4.393287057376329e-05
Schiller mit Mila Mar,4.393287057376329e-05
Die Orsons feat. Cro,4.393287057376329e-05
Eddin,4.393287057376329e-05
Farid Bang feat. Kollegah,4.393287057376329e-05
Haftbefehl & Shindy,4.393287057376329e-05
Jigzaw feat. Nimo,4.393287057376329e-05
Haftbefehl feat. Marteria,4.393287057376329e-05
Nico Suave feat. Xavier Naidoo,4.393287057376329e-05
"BHZ, Monk, Longus Mongus, Ion Miles, Big Pat & Dead Dawg",4.393287057376329e-05
Fero47 feat. Kazad,4.393287057376329e-05
Die Sacknähte feat. Ikke Hüftgold,4.393287057376329e-05
Katja Krasavice x Marwin Balsters,4.393287057376329e-05
DJ Jeezy / Badmómzjay / Bausa / Kalim,4.393287057376329e-05
Dardan x Bené,4.393287057376329e-05
Lorenz Büffel,4.393287057376329e-05
"01099 feat. Avo - Gustav, Zachi",4.393287057376329e-05
23,4.393287057376329e-05
Monet192,4.393287057376329e-05
Taddl & Marley,4.393287057376329e-05
Cro feat. Miksu / Macloud,4.393287057376329e-05
Harry,4.393287057376329e-05
Schmyt x Cro,4.393287057376329e-05
Milonair feat. Bonez MC,4.393287057376329e-05
LX feat. Estikay,4.393287057376329e-05
"Loredana, Céline & Miksu / Macloud",4.393287057376329e-05
Roberto Blanco,4.393287057376329e-05
Nadja Benaissa,4.393287057376329e-05
PA Sports feat. Jamule & MoTrip,4.393287057376329e-05
Capital Bra feat. Olexesh,4.393287057376329e-05
Nura feat. Trettmann,4.393287057376329e-05
Lil Lano,4.393287057376329e-05
Sternblut,4.393287057376329e-05
Donots,4.393287057376329e-05
"KitschKrieg, RIN & Kool Savas",4.393287057376329e-05
Fler & Sido,4.393287057376329e-05
Dardan feat. Reezy,4.393287057376329e-05
Bass Sultan Hengzt,4.393287057376329e-05
KC Rebell feat. Summer Cem,4.393287057376329e-05
Cro & Badchieff,4.393287057376329e-05
KC Rebell feat. Farid Bang,4.393287057376329e-05
BAP & Clueso,4.393287057376329e-05
Shindy & OZ,4.393287057376329e-05
Bürger Lars Dietrich,4.393287057376329e-05
Bushido feat. Fler,4.393287057376329e-05
Dardan x Monet192,4.393287057376329e-05
Kianush / PA Sports feat. Jamule,4.393287057376329e-05
Eno feat. Noah,4.393287057376329e-05
Celo & Abdi & Olexesh,4.393287057376329e-05
Curse feat. Gentleman,4.393287057376329e-05
Azad,4.393287057376329e-05
Flo Mega,4.393287057376329e-05
Farid Bang feat. 18 Karat & AK Ausserkontrolle,4.393287057376329e-05
Kalim feat. Lucio101 & YY,4.393287057376329e-05
Play69 feat. Samra,4.393287057376329e-05
Madsen,4.393287057376329e-05
Gringo x Capital Bra,4.393287057376329e-05
Fourty x Monet192,4.393287057376329e-05
Tomte,4.393287057376329e-05
Kasimir1441 feat. Pashanim,4.393287057376329e-05
Fortenbacher,4.393287057376329e-05
Ra'is,4.393287057376329e-05
Daniel Küblböck,4.393287057376329e-05
Kollegah feat. Farid Bang,4.393287057376329e-05
Kool Savas feat. Mel,4.393287057376329e-05
Kalazh44 x Samra,4.393287057376329e-05
Farid Bang feat. Tory Lanez,4.393287057376329e-05
Ardian Bujupi,4.393287057376329e-05
Ayke Witt,4.393287057376329e-05
Kontra K feat. Jah Khalib,4.393287057376329e-05
RAF Camora feat. Gentleman,4.393287057376329e-05
Juri x Bushido,4.393287057376329e-05
Aki & Naidoo,4.393287057376329e-05
Fard x Kollegah x Asche,4.393287057376329e-05
OK Kid,4.393287057376329e-05
Vega / Casper / Montez,4.393287057376329e-05
KC Rebell feat. Kool Savas,4.393287057376329e-05
Das Gezeichnete Ich,4.393287057376329e-05
Down Below,4.393287057376329e-05
Alexander Jahnke,4.393287057376329e-05
Capital Bra & Samra & Santos,4.393287057376329e-05
Bushido feat. Kollegah & Farid Bang,4.393287057376329e-05
Kool Savas feat. Optik Crew,4.393287057376329e-05
Bausa feat. Summer Cem,4.393287057376329e-05
Kate Hall,4.393287057376329e-05
SpongeBob Schwammkopf,4.393287057376329e-05
Bausa & Zuna,4.393287057376329e-05
Max Herre feat. Sophie Hunger,4.393287057376329e-05
Fler feat. Muhabbet,4.393287057376329e-05
Unheilig feat. Andreas Bourani,4.393287057376329e-05
Pietro Basile feat. Sarah,4.393287057376329e-05
Data Luv,4.393287057376329e-05
Farid Bang feat. Musiye & Blueface,4.393287057376329e-05
Die Atzen,4.393287057376329e-05
Ich Kann Fliegen,4.393287057376329e-05
Kollegah feat. Casper,4.393287057376329e-05
Lindemann,4.393287057376329e-05
Mortel + Bonez MC,4.393287057376329e-05
Gallo Nero & RAF Camora,4.393287057376329e-05
Marteria feat. Teutilla,4.393287057376329e-05
Söhne Mannheims singen Rio Reiser,4.393287057376329e-05
&#262;elo & Abdï feat. Nimo,4.393287057376329e-05
Laura van den Elzen,4.393287057376329e-05
Farid Bang x Capital Bra,4.393287057376329e-05
Bausa feat. Dardan,4.393287057376329e-05
And One,4.393287057376329e-05
Milonair feat. Haftbefehl & Joker Bra,4.393287057376329e-05
Ali,4.393287057376329e-05
Farid Bang feat. Kollegah & Fler,4.393287057376329e-05
Blumentopf,4.393287057376329e-05
RAF Camora & Bonez MC,4.393287057376329e-05
Knossi,4.393287057376329e-05
SSIO / Wanja Janeva,4.393287057376329e-05
Shindy feat. Eko Fresh,4.393287057376329e-05
Wilde Flamme,4.393287057376329e-05
Jamule x Luciano,4.393287057376329e-05
Sven Väth,4.393287057376329e-05
Tay Schmedtmann,4.393287057376329e-05
SSIO / Adulis Ghebreyesus,4.393287057376329e-05
Lacrimosa,4.393287057376329e-05
"PA Sports, Jamule & Kianush feat. Hamzo 500 & FOURTY & Rua",4.393287057376329e-05
Xavier Naidoo feat. Cassandra Steen,4.393287057376329e-05
Massiv feat. Capital Bra,4.393287057376329e-05
Kontra K feat. Baci,4.393287057376329e-05
Sierra Kidd,4.393287057376329e-05
Fourty feat. PA Sports,4.393287057376329e-05
Milano,4.393287057376329e-05
"Bojan, KC Rebell & Lune",4.393287057376329e-05
Dardan & Nimo,4.393287057376329e-05
Shinsky x Dima,4.393287057376329e-05
Vanessa Mai / Art,4.393287057376329e-05
Ramo feat. Bonez MC,4.393287057376329e-05
Shindy feat. Bushido & Haftbefehl,4.393287057376329e-05
Xatar feat. Azet,4.393287057376329e-05
Lucio101 x Omar101,4.393287057376329e-05
LX x Gzuz,4.393287057376329e-05
Alexander Klaws,4.393287057376329e-05
$oho Bani & Longus Mongus,4.393287057376329e-05
"Luis, Tym & T-Low",4.393287057376329e-05
Moe Phoenix,4.393287057376329e-05
LX,4.393287057376329e-05
1986zig x Kontra K,4.393287057376329e-05
Vollker Racho,4.393287057376329e-05
Krypteria & Der BVB-Jahrhundertchor,4.393287057376329e-05
Dardan x Hava,4.393287057376329e-05
Kontra K feat. AK Ausser Kontrolle & Gzuz,4.393287057376329e-05
Bonfire,4.393287057376329e-05
"Mo-Torres, Cat Ballou & Lukas Podolski",4.393287057376329e-05
Die 4 Apostel,4.393287057376329e-05
Reezy feat. Nimo,4.393287057376329e-05
Xavier Naidoo mit Curse,4.393287057376329e-05
Vitamin B feat. Se Präin,4.393287057376329e-05
Nimo x Lio,4.393287057376329e-05
Capital Bra & Lucry & Suena,4.393287057376329e-05
Kalim & Layla,4.393287057376329e-05
Farid Bang x Elif,4.393287057376329e-05
Shirin David & Shindy,4.393287057376329e-05
Azzi Memo feat. Capo,4.393287057376329e-05
Bozza feat. Sido & Gini,4.393287057376329e-05
Jamin x Nimo,4.393287057376329e-05
Fred Feuerstein,4.393287057376329e-05
Gringo / Sido / DJ Desue,4.393287057376329e-05
Benny Fiedler,4.393287057376329e-05
Vega feat. Haftbefehl,4.393287057376329e-05
Jalil x Bonez MC,4.393287057376329e-05
Die Deutsche Fußballnationalmannschaft & Village People,4.393287057376329e-05
Farid Bang & Capital Bra x Kollegah,4.393287057376329e-05
Monet192 feat. Takt32 & Badmómzjay,4.393287057376329e-05
Kixa x Samra,4.393287057376329e-05
Kasimir1441,4.393287057376329e-05
Kollegah feat. 18 Karat,4.393287057376329e-05
Miami Yacine feat. Zuna,4.393287057376329e-05
Karim,4.393287057376329e-05
Kianush / PA Sports,4.393287057376329e-05
"Kool Savas x Takt32, Gringo, Samra",4.393287057376329e-05
Dardan x Omar,4.393287057376329e-05
Christian Franke & Edward Simoni,4.393287057376329e-05
Olexesh feat. Capital Bra,4.393287057376329e-05
Ole ohne Kohle,4.393287057376329e-05
Y-Titty feat. MC Fitti,4.393287057376329e-05
Gaby Baginsky,4.393287057376329e-05
Prince Kay One feat. Victoria Swarovski,4.393287057376329e-05
Prinz Pi feat. Casper,4.393287057376329e-05
Silva,4.393287057376329e-05
Sido & Mario Barth,4.393287057376329e-05
Schwaben König,4.393287057376329e-05
KC Rebell x Summer Cem feat. Adel Tawil,4.393287057376329e-05
NGEE / Kolja Goldstein,4.393287057376329e-05
Mireille Mathieu & Peter Alexander,4.393287057376329e-05
Bosse feat. Anna Loos (Silly),4.393287057376329e-05
Ilhama feat. DJ OGB,4.393287057376329e-05
Morpheuz & KC Rebell,4.393287057376329e-05
Baschi,4.393287057376329e-05
Ufo361 feat. Gzuz,4.393287057376329e-05
Bojan x Samra,4.393287057376329e-05
Billa Joe x Reezy feat. Luciano,4.393287057376329e-05
Noel Pix,4.393287057376329e-05
Rockstar,4.393287057376329e-05
Ra'is - NGEE - Capital Bra,4.393287057376329e-05
Pajel feat. O.G.,4.393287057376329e-05
Grungo x Puls feat. kontra K,4.393287057376329e-05
Alida,4.393287057376329e-05
SA4 - Bonez MC,4.393287057376329e-05
Gallo Nero x Bonez MC,4.393287057376329e-05
"Scorpion Gang, Summer Cem & Reezy feat. Billa Joe",4.393287057376329e-05
Maxwell [DE],4.393287057376329e-05
Jean-Michel Aweh,4.393287057376329e-05
"Kool Savas feat. Sido, Azad & Adesse",4.393287057376329e-05
Paul Kalkbrenner,4.393287057376329e-05
Lucio101 / Ufo361,4.393287057376329e-05
O.G. x Nimo,4.393287057376329e-05
Sam Ragga Band und Nena,4.393287057376329e-05
Farid Bang & Capital Bra,4.393287057376329e-05
Peter Maffay & Kader Kesek,4.393287057376329e-05
Puhdys & Jürgen Drews,4.393287057376329e-05
Capital Bra x RAF Camora,4.393287057376329e-05
Hape feat. Uschi Blum,4.393287057376329e-05
Gzuz x Maxwell,4.393287057376329e-05
Django & Biggie68,4.393287057376329e-05
Samra [DE],4.393287057376329e-05
Finch feat. SDP,4.393287057376329e-05
Finch feat. Blümchen,4.393287057376329e-05
"Noizy, Dardan & Jugglerz",4.393287057376329e-05
"Gzuz, Veysel & The Cratez",4.393287057376329e-05
Bonez MC & Gzuz feat. Kontra K,4.393287057376329e-05
Mert,4.393287057376329e-05
G.L.S.-United,4.393287057376329e-05
Nimo feat. Ramo,4.393287057376329e-05
Bushido feat. Shindy,4.393287057376329e-05
"Haftbefehl feat. Capo, Veysel & Ezhel",4.393287057376329e-05
Loredana & Ufo361,4.393287057376329e-05
Sarah + Pietro,4.393287057376329e-05
Haftbefehl feat. Schmyt & Bausa,4.393287057376329e-05
Mark Forster feat. Gentleman,4.393287057376329e-05
RIN feat. Giant Rooks,4.393287057376329e-05
Veysel x Jamule,4.393287057376329e-05
"DJ Jeezy feat. Summer Cem, JAY1 & Nimo",4.393287057376329e-05
SosMula x Bonez MC,4.393287057376329e-05
Cro feat. Teesy,4.393287057376329e-05
Capital Bra feat. KC Rebell,4.393287057376329e-05
Markus Becker und Almklausi,4.393287057376329e-05
Vega & Samra,4.393287057376329e-05
Schmyt x RIN,4.393287057376329e-05
Maxwell / LX,4.393287057376329e-05
Kettcar,4.393287057376329e-05
Juju x Chapo102 x Philipp Poisel,4.393287057376329e-05
Wincent Weiss + Johannes Oerding,4.393287057376329e-05
Kollegah & Farid Bang feat. Musiye,4.393287057376329e-05
Capital Bra feat. AK Ausserkontrolle,4.393287057376329e-05
Azzi Memo x Capo,4.393287057376329e-05
Capital Bra feat. Farid Bang,4.393287057376329e-05
18 Karat feat. Gzuz,4.393287057376329e-05
Katja Friedenberg,4.393287057376329e-05
Bushido feat. AK Ausserkontrolle,4.393287057376329e-05
Norbert Dickel & Der BVB-Jahrhundertchor,4.393287057376329e-05
Big Toe / Bonez MC,4.393287057376329e-05
Edo Zanki & Friends,4.393287057376329e-05
Haftbefehl feat. Soufian,4.393287057376329e-05
Sido feat. Kool Savas,4.393287057376329e-05
Monet192 feat. Lune,4.393287057376329e-05
Karpatenhund,4.393287057376329e-05
Gentleman x Sido,4.393287057376329e-05
Sven Van Thom,4.393287057376329e-05
Tobee,4.393287057376329e-05
Frauenarzt & Bonez MC,4.393287057376329e-05
K.I.Z. feat. Bela B.,4.393287057376329e-05
Till Lindemann / David Garrett,4.393287057376329e-05
Schwarze Puppen,4.393287057376329e-05
DJ Jeezy / Luciano / Reezy / Kalim,4.393287057376329e-05
Martin Stosch,4.393287057376329e-05
Katja Krasavice x Fler,4.393287057376329e-05
Kollegah & Majoe,4.393287057376329e-05
Capo feat. Veysel,4.393287057376329e-05
Sido feat. Dillon Cooper,4.393287057376329e-05
Timo Langner,4.393287057376329e-05
"Xatar feat. Bonez MC, Gzuz, Almany",4.393287057376329e-05
Miksu / Macloud / Fourty / Bozza,4.393287057376329e-05
Dardan x Ricky Rich,4.393287057376329e-05
Azet x LaRose,4.393287057376329e-05
Till Lindemann,4.393287057376329e-05
Eno [DE],4.393287057376329e-05
Farid Bang feat. Jamule,4.393287057376329e-05
J-Luv feat. Kool Savas & Cutty,4.393287057376329e-05
Kalim & Bawer,4.393287057376329e-05
Olexesh & Hell Yes & Joker Bra,4.393287057376329e-05
twenty4tim,4.393287057376329e-05
Animus / Bushido / Saad,4.393287057376329e-05
Nathalie Tineo,8.786574114752658e-05
Severija,8.786574114752658e-05
Ufo361 x Bausa x The Cratez,8.786574114752658e-05
ZUNA,8.786574114752658e-05
Axel Fischer feat. Cora,8.786574114752658e-05
Gzuz feat. Trettmann,8.786574114752658e-05
Sven Schumacher,8.786574114752658e-05
Mert & Z,8.786574114752658e-05
Heiland,8.786574114752658e-05
Sandmann's Dummies feat. Herr Fuchs und Frau Elster,8.786574114752658e-05
Kay One feat. Shindy,8.786574114752658e-05
Andrea Berg,8.786574114752658e-05
Gurkentruppe,8.786574114752658e-05
18 Karat feat. Nura,8.786574114752658e-05
Stefan Peters feat. Gotthilf Fischer,8.786574114752658e-05
Capital Bra feat. Nash,8.786574114752658e-05
Oli. P feat. Lukas,8.786574114752658e-05
Bernd Stelter,8.786574114752658e-05
Kastelruther Spatzen,8.786574114752658e-05
Bozza x Sido,8.786574114752658e-05
Liont,8.786574114752658e-05
Marie Wegener,8.786574114752658e-05
Rumpelstilz,8.786574114752658e-05
Bata Illic & Eike Immel,8.786574114752658e-05
"187 Strassenbande feat. Bonez MC, Raf Camora, Gzuz, Maxwell",8.786574114752658e-05
Elton feat. Allemann,8.786574114752658e-05
Subway To Sally,8.786574114752658e-05
ASP,8.786574114752658e-05
Waterloo & Robinson,8.786574114752658e-05
Ramon Roselly,8.786574114752658e-05
Foyer Des Arts,8.786574114752658e-05
Mary Roos und David Hanselmann,8.786574114752658e-05
Dardan & Veysel,8.786574114752658e-05
DAT ADAM,8.786574114752658e-05
Kool Savas feat. Lumidee,8.786574114752658e-05
Alex Diehl,8.786574114752658e-05
Hella feat. Sava,8.786574114752658e-05
Christoph Maria Herbst als Bernd Stromberg,8.786574114752658e-05
Berlins Most Wanted,8.786574114752658e-05
Rockstroh,8.786574114752658e-05
Pussycat,8.786574114752658e-05
Wolfgang Niedecken & Complizen,8.786574114752658e-05
Gringo x RAF Camora,8.786574114752658e-05
Eisblume & Scala,8.786574114752658e-05
Knut der kleine Kuschelbär,8.786574114752658e-05
Bushido feat. Samra,8.786574114752658e-05
Jazeek,8.786574114752658e-05
"187 Strassenbande feat. Gzuz, Bonez",8.786574114752658e-05
Veysel feat. Luciano,8.786574114752658e-05
Ute Freudenberg & Christian Lais,8.786574114752658e-05
"LX & Maxwell feat. Bonez MC, Gzuz, Sa4",8.786574114752658e-05
Helmut Frey,8.786574114752658e-05
Sven Franzisko oder Lotte Ohm,8.786574114752658e-05
Ufo361 feat. Yung Hurn,8.786574114752658e-05
Bob der Baumeister,8.786574114752658e-05
Brisby & Jingles feat. DJ D.M.H,8.786574114752658e-05
Max Herre,8.786574114752658e-05
Capital Bra feat. Samra,8.786574114752658e-05
Symba,8.786574114752658e-05
KC Rebell & Summer Cem feat. Capital Bra,8.786574114752658e-05
Olli Schulz,8.786574114752658e-05
POL1Z1STENS0HN a.k.a. Jan Böhmermann,8.786574114752658e-05
Nena & Heppner,8.786574114752658e-05
Andrea & John,8.786574114752658e-05
Almina,8.786574114752658e-05
Urbanize,8.786574114752658e-05
Marcelo Araujo Alves,8.786574114752658e-05
Dennis Haberlach feat. Stina,8.786574114752658e-05
Jim Pandzko feat. Jan Böhmermann,8.786574114752658e-05
De Randgruppe,8.786574114752658e-05
Bushido prod. Sonny Black & Frank White,8.786574114752658e-05
Fynn Kliemann,8.786574114752658e-05
Dardan und Nimo,8.786574114752658e-05
Nimo & Luciano,8.786574114752658e-05
DJ Ötzi & Marc Pircher,8.786574114752658e-05
Fler feat. Doreen,8.786574114752658e-05
Tommi Piper,8.786574114752658e-05
"Sa4 feat. Maxwell, Gzuz, LX & Bonez MC",8.786574114752658e-05
Stereoact feat. Chris Cronauer,8.786574114752658e-05
Elke Best,8.786574114752658e-05
Fler feat. Bushido,8.786574114752658e-05
"187 Strassenbande feat. SA4, Gzuz, Bonez, LX",8.786574114752658e-05
Prinz Pi,8.786574114752658e-05
Wise Guys,8.786574114752658e-05
Freschta Akbarzada feat. Sido,8.786574114752658e-05
DJ Ötzi & Kate Hall,8.786574114752658e-05
Oli. P & Emilia,8.786574114752658e-05
U 96 feat. Ben,8.786574114752658e-05
Tina York,8.786574114752658e-05
Veysel & Jugglerz,8.786574114752658e-05
Fünf Sterne Deluxe,8.786574114752658e-05
Yvonne Catterfeld feat. Bengio,8.786574114752658e-05
Ufo361 & Ezhel,8.786574114752658e-05
Summer Cem feat. Elias,8.786574114752658e-05
Trailerpark,8.786574114752658e-05
Kool Savas x Sido x Nessi,8.786574114752658e-05
"The Cratez, Luciano & Kontra K",8.786574114752658e-05
Anonym & Samra,8.786574114752658e-05
Finch Asozial feat. Tarek K.I.Z,8.786574114752658e-05
Sido feat. Johannes Oerding,8.786574114752658e-05
Yung Hurn,8.786574114752658e-05
NGEE x Capital Bra,8.786574114752658e-05
Azet feat. Zuna,8.786574114752658e-05
The Cratez / RAF Camora / Ufo 361,8.786574114752658e-05
Capital Bra feat. Bushido,8.786574114752658e-05
Florian Haidt,8.786574114752658e-05
RIN & Schmyt,8.786574114752658e-05
Die Ärzte feat. The Incredible Hagen,8.786574114752658e-05
Panik,8.786574114752658e-05
Beginner feat. Samy Deluxe,8.786574114752658e-05
"LX, Bonez MC",8.786574114752658e-05
Samra & Lune,8.786574114752658e-05
Bonez MC & RAF Camora feat. Kontra K,8.786574114752658e-05
Cro feat. Shindy,8.786574114752658e-05
Chris Wolff,8.786574114752658e-05
Tocotronic,8.786574114752658e-05
Kasimir1441 / Wildbwoys,8.786574114752658e-05
The Cratez / Bonez MC / LX,8.786574114752658e-05
Mero feat. Elif,8.786574114752658e-05
Isabell Schmidt,8.786574114752658e-05
Badchieff x Edo Saiya x Cro feat. Majan,8.786574114752658e-05
Fourty x Bausa,8.786574114752658e-05
Bausa / RIN / Ufo361,8.786574114752658e-05
Capital Bra & NGEE,8.786574114752658e-05
Pearl Jam,8.786574114752658e-05
Samra x Bojan,8.786574114752658e-05
Kalim feat. Haftbefehl,8.786574114752658e-05
187 Strassenbande & Gzuz,8.786574114752658e-05
Badmómzjay x Bozza x Kool Savas x Sido,8.786574114752658e-05
Bernd Clüver,8.786574114752658e-05
KC Rebell & Gzuz,8.786574114752658e-05
"Capital Bra, Mvna & Art",8.786574114752658e-05
Rubi,8.786574114752658e-05
Moses Pelham,8.786574114752658e-05
Paveier,8.786574114752658e-05
Kool Savas feat. Valezka,8.786574114752658e-05
Jamule x Chilla,8.786574114752658e-05
"Earth, Wind & Fire",8.786574114752658e-05
Mero feat. Brrado,8.786574114752658e-05
Jamule & Miksu / MacLoud,8.786574114752658e-05
LX & Maxwell feat. Gzuz & Gallo Nero,0.00013179861172128986
Azet x Capital Bra,0.00013179861172128986
Ufo361 feat. Capital Bra,0.00013179861172128986
Kay One feat. Mario Winans,0.00013179861172128986
Tony Marshall & Roberto Blanco,0.00013179861172128986
Verena [Big Brother],0.00013179861172128986
Die Roten Rosen,0.00013179861172128986
Apocalyptica feat. Marta Jandová,0.00013179861172128986
Eno x Nimo,0.00013179861172128986
DJ R.O.C.K.,0.00013179861172128986
Joel Brandenstein,0.00013179861172128986
Selmon & Bausa,0.00013179861172128986
"KitschKrieg feat. Cro, AnnenMayKantereit & Trettmann",0.00013179861172128986
Maxi & Chris Garden,0.00013179861172128986
187 Strassenbande,0.00013179861172128986
Kianush / Jamule / PA Sports,0.00013179861172128986
Die kleine Kuh von Malibu,0.00013179861172128986
"Sido, Kool Savas & Samra",0.00013179861172128986
Leyk + Lockvogel,0.00013179861172128986
Bushido feat. J-Luv,0.00013179861172128986
Dschungel Stars 2,0.00013179861172128986
Vanessa Mai / Sido,0.00013179861172128986
Haftbefehl feat. Farid Bang,0.00013179861172128986
Capital Bra feat. Nimo,0.00013179861172128986
Olexesh & Nimo,0.00013179861172128986
Eren Can & Batu,0.00013179861172128986
"Gzuz, LX, Bonez MC & Maxwell",0.00013179861172128986
Zuna & Lune,0.00013179861172128986
Mika [DE],0.00013179861172128986
LX feat. Gzuz,0.00013179861172128986
Gzuz x Bonez MC,0.00013179861172128986
Mero feat. Jamule,0.00013179861172128986
Haftbefehl,0.00013179861172128986
187 Strassenbande / Sa4 x LX x Bonez,0.00013179861172128986
Capital Bra x Montez,0.00013179861172128986
Sido feat. Monchi,0.00013179861172128986
Brado & Mero,0.00013179861172128986
Bonez MC & RAF Camora feat. Hanybal,0.00013179861172128986
18 Karat,0.00013179861172128986
"Raabe, Ferch, Lohmeyer & Das Palast Orchester",0.00013179861172128986
Peter Wackel,0.00013179861172128986
Capital Bra x Jamule,0.00013179861172128986
Nash & Azet,0.00013179861172128986
Veysel feat. Summer Cem,0.00013179861172128986
Kool Savas & Optik Records,0.00013179861172128986
Dardan feat. Eno,0.00013179861172128986
"Bushido, Chakuza, Eko Fresh",0.00013179861172128986
Lea x 01099,0.00013179861172128986
Dardan x Luciano,0.00013179861172128986
PA Sports feat. Jamule,0.00013179861172128986
Cinematic & Heinz Rühmann,0.00013179861172128986
KC Rebell x Summer Cem feat. Loredana,0.00013179861172128986
The Admirals feat. Seraphina,0.00013179861172128986
Zuna feat. Miami Yacine,0.00013179861172128986
Joker Bra,0.00013179861172128986
Saphir [DE],0.00013179861172128986
Savas & Sido feat. Lakman,0.00013179861172128986
Frühstück bei Stefanie feat. Udo Martens,0.00013179861172128986
Farid Bang & Capital Bra x Sanna,0.00013179861172128986
Bozza x Samra,0.00013179861172128986
Massiv,0.00013179861172128986
Haftbefehl x Shirin David,0.00013179861172128986
Marteria & Casper,0.00013179861172128986
KC Rebell feat. Gringo,0.00013179861172128986
Bonez MC & RAF Camora feat. Trettmann,0.00013179861172128986
Kollegah + Farid Bang,0.00013179861172128986
Christian Petru mit Alina von beFour,0.00013179861172128986
Sarah Lombardi,0.00013179861172128986
"Gzuz / RAF Camora, Luciano",0.00013179861172128986
"Dardan, Nimo & Mozzik",0.00013179861172128986
Groove Minister,0.00013179861172128986
23 feat. Peter Maffay,0.00013179861172128986
Dardan x RAF Camora,0.00013179861172128986
Der W,0.00013179861172128986
DJ Tomekk feat. Tatwaffe & G-Style,0.00013179861172128986
Ayman & Naima,0.00013179861172128986
Frank Styles presented by F&K,0.00013179861172128986
Marteria feat. Yasha,0.00013179861172128986
Selig,0.00013179861172128986
Michelle & Matthias Reim,0.00013179861172128986
Schiller mit Unheilig,0.00013179861172128986
Franziska,0.00013179861172128986
PA Sports x Capital Bra,0.00013179861172128986
Freddy Quinn,0.00013179861172128986
Nura,0.00013179861172128986
"187 Strassenbande, Bonez MC, Maxwell, LX, Sa4",0.00013179861172128986
Adel Tawil feat. Sido & Prinz Pi,0.00013179861172128986
Andy Luxx / Bierkapitän / DJ Aaron,0.00013179861172128986
Mero feat. Nimo,0.00013179861172128986
Vanessa Mai,0.00013179861172128986
Elif feat. Samra,0.00013179861172128986
NGEE,0.00013179861172128986
Christina Aguilera,0.00013179861172128986
Schiller mit Colbie Caillat,0.00013179861172128986
Bernd das Brot,0.00013179861172128986
Lea x Luna,0.00013179861172128986
Dardan / Cro,0.00013179861172128986
Shindy feat. Bushido,0.00013179861172128986
Mero x Brado,0.00013179861172128986
T-Low x Ufo361,0.00013179861172128986
Senad,0.00013179861172128986
Doreen,0.00017573148229505317
Robin Schulz & Alligatoah,0.00017573148229505317
Bayern-Fans United,0.00017573148229505317
Fard,0.00017573148229505317
Oli. P feat. Tina Frank,0.00017573148229505317
Rheingold,0.00017573148229505317
KC Rebell x Summer Cem feat. Luciano,0.00017573148229505317
Noémi,0.00017573148229505317
Beatzarre & Djorkaeff / Lea x Capital Bra,0.00017573148229505317
Apecrime,0.00017573148229505317
Sascha S.,0.00017573148229505317
Marvin McKay feat. T Seven,0.00017573148229505317
Felix Jaehn / Herbert Grönemeyer,0.00017573148229505317
Fix & Fertig,0.00017573148229505317
Michael Stein,0.00017573148229505317
Sido feat. Luciano,0.00017573148229505317
"Trettmann, KitschKrieg & Gzuz",0.00017573148229505317
Summer Cem feat. KC Rebell,0.00017573148229505317
Baby Lilly,0.00017573148229505317
Azet feat. Zuna & Noizy,0.00017573148229505317
Elfi Graf,0.00017573148229505317
Achim Petry feat. Dschungel Allstars,0.00017573148229505317
Kerstin Ott,0.00017573148229505317
Olaf Henning & De Laatbleujers,0.00017573148229505317
Sabrina Setlur feat. Cora E. und Brixx,0.00017573148229505317
Franzi,0.00017573148229505317
Adel Tawil feat. Peachy,0.00017573148229505317
Loredana x Mozzik,0.00017573148229505317
Bushido feat. Capital Bra,0.00017573148229505317
SDP,0.00017573148229505317
Schweizer,0.00017573148229505317
Bonez MC feat. LX,0.00017573148229505317
Capital Bra feat. Capital T,0.00017573148229505317
Shirin David / Kitty Kat,0.00017573148229505317
Danger Dan,0.00017573148229505317
Kid Kapri & Florida Juicy,0.00017573148229505317
Cro feat. Claudia Valentina,0.00017573148229505317
Luciano & Samra,0.00017573148229505317
AK Ausserkontrolle feat. Veysel,0.00017573148229505317
Bonez MC feat. Maxwell,0.00017573148229505317
Nimo & Rina,0.00017573148229505317
Die Lochis,0.00017573148229505317
Apollo 3,0.00017573148229505317
Scooter,0.00017573148229505317
Jan Sievers,0.00017573148229505317
Martay feat. ZZ Top,0.00017573148229505317
Kontra K feat. AK Ausserkontrolle,0.00017573148229505317
Sa4 feat. Bonez MC & Gzuz,0.00017573148229505317
Kynda Gray + RIN,0.00017573148229505317
Fux,0.00017573148229505317
Kitty & Knut,0.00017573148229505317
VoXXclub,0.00017573148229505317
Jamule x Santos,0.00017573148229505317
Eno feat. Luciano,0.00017573148229505317
Sido u. Doreen,0.00017573148229505317
"KitschKrieg, Bonez MC & Vybz Kartel",0.00017573148229505317
Wolfgang Fierek,0.00017573148229505317
Schiller mit Thomas D,0.00017573148229505317
"Gzuz feat. Bonez MC, Maxwell & Ufo361",0.00017573148229505317
Ufo361 & Sonus030,0.00017573148229505317
Dante YN,0.00017573148229505317
Casar,0.00017573148229505317
Sido & G-Hot,0.00017573148229505317
Azzi Memo x Eno,0.00017573148229505317
Capo & Nimo,0.00017573148229505317
Metallica,0.00017573148229505317
Maxwell feat. RAF Camora,0.00017573148229505317
Karl Dall,0.00017573148229505317
Hubert von Goisern,0.00017573148229505317
Kay One feat. Mike Singer,0.00017573148229505317
Pigloo,0.00017573148229505317
Montez x Badmómzjay,0.00017573148229505317
Deeva,0.00017573148229505317
KALIM & Ufo361,0.00017573148229505317
Kalim feat. Nimo,0.00017573148229505317
Ado Kojo feat. Shirin David,0.00017573148229505317
La Rocca,0.00017573148229505317
Eddy Bär,0.00017573148229505317
Jamule feat. Capital Bra,0.00017573148229505317
Komtur,0.00017573148229505317
Cat Ballou,0.00017573148229505317
"Samra feat. Capital Bra, Brudi30 & Kalazh44",0.00017573148229505317
Kool Savas,0.00017573148229505317
Jasmin Wagner,0.00017573148229505317
Joachim Deutschland,0.00017573148229505317
Overground feat. Montell Jordan,0.00017573148229505317
Azzi Memo feat. Nimo,0.00017573148229505317
Die Gerd Show - Angie & Gerd,0.00017573148229505317
Jürgen,0.00017573148229505317
Volker Rosin feat. Chris Rabatz,0.00021966435286881645
Herbert Grönemeyer & Sinfonieorchester,0.00021966435286881645
Demis Roussos,0.00021966435286881645
Marlon,0.00021966435286881645
Ufo361 & Pashanim,0.00021966435286881645
The Kelly Family,0.00021966435286881645
Capital Bra & Bozza,0.00021966435286881645
Ary x Liaze,0.00021966435286881645
Capital Bra feat. King Khalil,0.00021966435286881645
Die Gerd Show - Schrödi und seine Freunde,0.00021966435286881645
Azad feat. Gentleman,0.00021966435286881645
Dardan & Hava,0.00021966435286881645
wingenfelder:Wingenfelder,0.00021966435286881645
Hava,0.00021966435286881645
Miley Cyrus,0.00021966435286881645
John F. und die Gropiuslerchen,0.00021966435286881645
Robbie Williams,0.00021966435286881645
Miksu / Macloud / KC Rebell / Veysel / Ramo,0.00021966435286881645
LX & Maxwell,0.00021966435286881645
Gzuz feat. LX,0.00021966435286881645
Art [DE],0.00021966435286881645
K.I.Z.,0.00021966435286881645
L.O.V.E. pres. Valezka,0.00021966435286881645
Kalim feat. Luciano,0.00021966435286881645
Zuna,0.00021966435286881645
Mia Julia / Lorenz Büffel / Malle Anja,0.00021966435286881645
DJ Ötzi und Nik P.,0.00021966435286881645
SA4 x Gzuz x Bonez feat. 187 Strassenbande,0.00021966435286881645
Kim Frank,0.00021966435286881645
Dardan x Nimo,0.00021966435286881645
Fräulein Wunder,0.00021966435286881645
Rapsoul feat. Vanessa Jean Dedmon,0.00021966435286881645
Ralf Sögel,0.00021966435286881645
Paul Hardcastle,0.00021966435286881645
Ufo361 feat. Bonez MC,0.00021966435286881645
Axel Fischer,0.00021966435286881645
01099 - Cro,0.00021966435286881645
"187 Strassenbande / Maxwell, Gzuz, Bonez",0.00021966435286881645
Bibi Blocksberg,0.00021966435286881645
Ralf Schmitz,0.00021966435286881645
Sun Diego,0.00021966435286881645
Reezy x Bausa,0.00021966435286881645
Cindy & Bert,0.00021966435286881645
Bushido - Animus,0.00021966435286881645
Lotte & Max Giesinger,0.00021966435286881645
Shirin David & Xavier Naidoo,0.00021966435286881645
Mozzik,0.00021966435286881645
Azet x Dhurata Dora,0.00021966435286881645
Capital Bra feat. Samra & AK Ausserkontrolle,0.00021966435286881645
Grup Tekkan,0.00021966435286881645
Bushido feat. Cassandra Steen,0.00021966435286881645
Marius Müller-Westernhagen,0.00021966435286881645
Wir 3,0.00021966435286881645
Prince Kay One feat. Emory,0.00021966435286881645
LDC,0.00021966435286881645
Mia-Sophie,0.00021966435286881645
Prince Damien,0.00021966435286881645
Lukas Hilbert feat. Trina,0.00021966435286881645
Jennifer Rostock,0.00021966435286881645
BHZ,0.00021966435286881645
Kool Savas feat. Ercandize,0.00021966435286881645
Sleepwalker feat. Hamburg City All Stars,0.00021966435286881645
Genetikk,0.00021966435286881645
Ricky,0.00021966435286881645
Gregor Meyle,0.0002635972234425797
Günter Willumeit,0.0002635972234425797
Loredana feat. Rymez,0.0002635972234425797
Wirtz,0.0002635972234425797
Loredana & Mozzik,0.0002635972234425797
Mauli,0.0002635972234425797
Mundstuhl,0.0002635972234425797
Nina Chuba,0.0002635972234425797
SSIO,0.0002635972234425797
Kalim,0.0002635972234425797
Summer Cem feat. KC Rebell & Capital Bra,0.0002635972234425797
Stefan Raab feat. Shaggy,0.0002635972234425797
Klee,0.0002635972234425797
Sabrina Setlur feat. Xavier Naidoo,0.0002635972234425797
"RAF Camora feat. Bonez MC, Gzuz & Ufo361",0.0002635972234425797
Uwu Lena,0.0002635972234425797
Margot Werner,0.0002635972234425797
Mickie Krause feat. Ko & Ko,0.0002635972234425797
Blue,0.0002635972234425797
L'Âme Immortelle,0.0002635972234425797
Trettmann & KitschKrieg feat. Alli Neumann,0.0002635972234425797
Heinz Schenk,0.0002635972234425797
Ali As feat. Namika,0.0002635972234425797
Linkin Park,0.0002635972234425797
Patrick Dewayne,0.0002635972234425797
Evanescence,0.0002635972234425797
Bintia & Xavier Naidoo,0.0002635972234425797
Gitte Hænning,0.0002635972234425797
Ricky & Laura,0.0002635972234425797
Genetikk feat. Sido,0.0002635972234425797
Bisou,0.0002635972234425797
"187 Strassenbande feat. Gzuz, Bonez MC & LX",0.0002635972234425797
Diether Krebs + Gundula,0.0002635972234425797
Helene Fischer feat. Luis Fonsi,0.0002635972234425797
Katja Krasavice x Elif,0.0002635972234425797
Elias [DE],0.0002635972234425797
Azet & Albi,0.0002635972234425797
DIE FLIPPERS,0.0002635972234425797
Alligatoah x Sido,0.0002635972234425797
TipTop,0.0002635972234425797
"Kalazh44, Capital Bra & Samra feat. Nimo & Luciano",0.0002635972234425797
Ibo,0.0002635972234425797
Summer Cem feat. Veysel,0.0002635972234425797
Michelle,0.0002635972234425797
Martin Mann,0.0002635972234425797
Reamonn feat. Xavier Naidoo,0.0002635972234425797
Mateo,0.0002635972234425797
Reezy feat. Summer Cem,0.0002635972234425797
Ireen Sheer,0.0002635972234425797
Hella,0.0002635972234425797
badmómzjay,0.0002635972234425797
Peter Heppner,0.0002635972234425797
U 96,0.0002635972234425797
Creme 21,0.00030753009401634303
Ufo361 feat. RIN,0.00030753009401634303
GrooveZone,0.00030753009401634303
Miksu / Macloud / Summer Cem / Luciano / Jamule,0.00030753009401634303
Mario Novembre,0.00030753009401634303
RAF Camora & AriBeatz feat. Sofiane,0.00030753009401634303
SDP x Montez,0.00030753009401634303
Miksu / Macloud / Bausa / Reezy / Selmon,0.00030753009401634303
Die Orsons,0.00030753009401634303
Nena & Friends,0.00030753009401634303
Afrob feat. Ferris MC,0.00030753009401634303
Romero [DE],0.00030753009401634303
Stephan Sulke,0.00030753009401634303
Capital Bra feat. RAF Camora & Joshi Mizu,0.00030753009401634303
Bela B.,0.00030753009401634303
Ardian Bujupi x Fero47,0.00030753009401634303
Diane,0.00030753009401634303
Sarah Connor & Henning Wehland,0.00030753009401634303
Mireille Mathieu,0.00030753009401634303
Der Checker,0.00030753009401634303
SDP feat. Capital Bra,0.00030753009401634303
Phillie MC,0.00030753009401634303
Bläck Fööss & Fründe,0.00030753009401634303
Werner [1990s],0.00030753009401634303
Bushido feat. Kay One,0.00030753009401634303
Mike Singer,0.00030753009401634303
Peter Petrel,0.00030753009401634303
The Shorts,0.00030753009401634303
Ulf,0.00030753009401634303
Freundeskreis & FK Allstars,0.00030753009401634303
Rhythms Del Mundo / 2raumwohnung,0.00030753009401634303
Sarhad,0.00030753009401634303
KC Rebell & RAF Camora,0.00030753009401634303
Theo Junior,0.00030753009401634303
Kate & Ben,0.00030753009401634303
Anna David,0.00030753009401634303
Andreas Elsholz,0.00030753009401634303
Helga Feddersen,0.00030753009401634303
Ali Bumaye feat. Shindy,0.00030753009401634303
KC Rebell & Summer Cem,0.00030753009401634303
Claudia Jung & Richard Clayderman,0.00030753009401634303
Luttenberger - Klug,0.00030753009401634303
Mini Pigs,0.00030753009401634303
Band für Afrika,0.00030753009401634303
Atemlos,0.00030753009401634303
Prince Kay One feat. The Product G&B,0.00030753009401634303
Eko Fresh & Valezka,0.00030753009401634303
Oomph! feat. Marta Jandová,0.00030753009401634303
Trettmann feat. Bonez MC & RAF Camora,0.00030753009401634303
Apocalyptica feat. Nina Hagen,0.00030753009401634303
PA Sports,0.00030753009401634303
Dschungel Stars,0.00030753009401634303
Bonez MC / RAF Camora,0.00030753009401634303
De Boore,0.00030753009401634303
Bela B. feat. Charlotte Roche,0.00030753009401634303
Frank Farian,0.00030753009401634303
Kid Bob,0.00030753009401634303
Nevada Tan,0.00035146296459010633
Sportfreunde Stiller mit Udo Jürgens,0.00035146296459010633
Trude Herr,0.00035146296459010633
Jule Neigel & Band,0.00035146296459010633
Rödelheim Hartreim Projekt,0.00035146296459010633
Capital Bra x Loredana,0.00035146296459010633
Sido's Hands On Scooter feat. Kitty Kat & Tony D.,0.00035146296459010633
Niko,0.00035146296459010633
Ingrid Peters,0.00035146296459010633
01099 - Gustav,0.00035146296459010633
Samra x Elif,0.00035146296459010633
Loredana x Zuna,0.00035146296459010633
Eno feat. MERO,0.00035146296459010633
Stephan & Nina,0.00035146296459010633
Freddy Breck,0.00035146296459010633
Max Herre feat. Cro,0.00035146296459010633
Kontra K feat. Samra,0.00035146296459010633
Stefan Raab & Die Bekloppten feat. Jürgen Drews & Bürger Lars Dietrich,0.00035146296459010633
Reezy,0.00035146296459010633
Wolf Maahn & Unterstützung,0.00035146296459010633
Max Herre mit Joy Denalane,0.00035146296459010633
RAF Camora feat. Ghetto Phenomene,0.00035146296459010633
Kerstin Ott & Helene Fischer,0.00035146296459010633
"LX & Maxwell feat. Bonez MC, Gzuz & Sa4",0.00035146296459010633
Ufo361 feat. RAF Camora,0.00035146296459010633
Eko Fresh,0.00035146296459010633
THE IRONIX & NULLZWEIZWEI,0.00035146296459010633
Lea x Casper,0.00035146296459010633
Oomph! feat. L'Âme Immortelle,0.00035146296459010633
David Hasselhoff with Gwen,0.00035146296459010633
In Extremo,0.00035146296459010633
Deine Lieblingsrapper,0.00035146296459010633
Haindling,0.00035146296459010633
Udo Lindenberg feat. Jan Delay,0.00035146296459010633
Loredana & Delara,0.00035146296459010633
Oli. P & Jan van der Toorn,0.00035146296459010633
Sero el Mero,0.00035146296459010633
Amanda feat. Sido,0.00035146296459010633
Sven Van Thom mit Synje Norland,0.00035146296459010633
Berger,0.00035146296459010633
Virginia Jetzt!,0.00035146296459010633
Jörn Schlönvoigt,0.00035146296459010633
Fourty & Mathea,0.00035146296459010633
Adel Tawil feat. KC Rebell & Summer Cem,0.00035146296459010633
Xavier Naidoo mit Tone,0.00035146296459010633
Die Zipfelbuben feat. DJ Cashi,0.0003953958351638696
RAF Camora x Juju,0.0003953958351638696
Shirin David feat. Maître Gims,0.0003953958351638696
Frei.Wild,0.0003953958351638696
Bozza,0.0003953958351638696
Alex [Big Brother],0.0003953958351638696
Sigmund und seine Freunde,0.0003953958351638696
Silly,0.0003953958351638696
Neue Heimat,0.0003953958351638696
Gzuz feat. Bonez MC,0.0003953958351638696
Nico Haak,0.0003953958351638696
Bonez MC / RAF Camora / GZUZ / Maxwell,0.0003953958351638696
Santos x Sido x Samra,0.0003953958351638696
Mary Roos,0.0003953958351638696
Markus Becker,0.0003953958351638696
BONEZ MC & RAF CAMORA,0.0003953958351638696
K.I.Z. feat. Henning May,0.0003953958351638696
Gänsehaut,0.0003953958351638696
"DJ Tomekk feat. GZA, Curse, Prodigal Sunn & Stieber Twins",0.0003953958351638696
Michael Wendler,0.0003953958351638696
Ufo361 feat. Data Luv,0.0003953958351638696
Farin Urlaub Racing Team,0.0003953958351638696
Cro feat. Capital Bra,0.0003953958351638696
Rudolf Rock und die Schocker,0.0003953958351638696
Dardan feat. Xiara,0.0003953958351638696
STS,0.0003953958351638696
LEA & Capital Bra,0.0003953958351638696
Band ohne Namen vs. Milka,0.0003953958351638696
ASD,0.0003953958351638696
Summer Cem feat. Luciano,0.0003953958351638696
Giovanni,0.0003953958351638696
Peter Wackel feat. Chriss Tuxi,0.0003953958351638696
Der Verfall,0.0003953958351638696
Capital Bra & Samra,0.0003953958351638696
HBz,0.0003953958351638696
Cosmix feat. Ernie,0.0003953958351638696
Lea,0.0004393287057376329
Max Mutzke,0.0004393287057376329
Alina,0.0004393287057376329
Bata Illic,0.0004393287057376329
Symba [DE],0.0004393287057376329
Peter Schilling & Bomm-Bastic,0.0004393287057376329
Capital Bra x Clueso x KC Rebell,0.0004393287057376329
Kraftklub,0.0004393287057376329
Nimo x Luciano,0.0004393287057376329
Ina Deter Band,0.0004393287057376329
Conny & Jean,0.0004393287057376329
Dynamite Deluxe,0.0004393287057376329
Rodgau Monotones,0.0004393287057376329
Rolf Zuckowski und seine Freunde,0.0004393287057376329
Chima,0.0004393287057376329
Nimo & Hava,0.0004393287057376329
Hubert Kah mit Kapelle,0.0004393287057376329
Kontra K feat. Veysel,0.0004393287057376329
"187 Strassenbande feat. Bonez MC, Gzuz",0.0004393287057376329
Sofaplanet,0.0004393287057376329
Pulcino Pio,0.0004393287057376329
Kontra K feat. RAF Camora,0.0004393287057376329
The Cratez & Bonez MC,0.0004393287057376329
Ayliva,0.0004393287057376329
Udo Lindenberg feat. Inga Humpe,0.0004393287057376329
Loredana feat. Mero,0.0004393287057376329
Brings,0.0004393287057376329
Donna Summer,0.0004393287057376329
Broilers,0.0004393287057376329
Schäfer Heinrich,0.0004393287057376329
Prinz Pi feat. Philipp Dittberner,0.0004393287057376329
Tim Bendzko feat. Cassandra Steen,0.0004393287057376329
Badmómzjay,0.0004393287057376329
Vice feat. Jasmine Thompson & Skizzy Mars,0.0004393287057376329
Catterfeld,0.0004393287057376329
Heinz Rudolf Kunze,0.0004832615763113962
Emilio,0.0004832615763113962
Capital Bra x Cro,0.0004832615763113962
Yasha,0.0004832615763113962
Olexesh,0.0004832615763113962
Azad feat. Cassandra Steen,0.0004832615763113962
Sabrina Setlur intr. Xavier Naidoo,0.0004832615763113962
Rooz x MoTrip,0.0004832615763113962
Bushido feat. Samra & Capital Bra,0.0004832615763113962
Josh.,0.0004832615763113962
Miksu / MacLoud & Makko,0.0004832615763113962
Kianush & PA Sports,0.0004832615763113962
De Bläck Fööss,0.0004832615763113962
Lil Kleine & Ronnie Flex,0.0004832615763113962
Drafi Deutscher,0.0004832615763113962
Chaka Khan,0.0004832615763113962
Endzone / TM,0.0004832615763113962
"187 Strassenbande / Bonez, Frauenarzt",0.0004832615763113962
Kool Savas feat. Nessi,0.0004832615763113962
Bausa x Juju,0.0004832615763113962
Kontra K feat. Sido & Leony,0.0004832615763113962
Liza Li,0.0004832615763113962
Heike Schäfer,0.0004832615763113962
Seeed feat. Black Kappa,0.0004832615763113962
Beatrice Egli,0.0004832615763113962
DJ Taylor & Flow,0.0004832615763113962
Zuna feat. Azet & Noizy,0.0005271944468851594
Ne-Yo,0.0005271944468851594
"Nena, Olli & Remmler",0.0005271944468851594
Big Brother Allstars,0.0005271944468851594
Eko Fresh feat. Bushido,0.0005271944468851594
Antonia feat. Sandra,0.0005271944468851594
Werner,0.0005271944468851594
Schwester S.,0.0005271944468851594
Electric Light Orchestra,0.0005271944468851594
Veysel feat. Gzuz,0.0005271944468851594
Mickie Krause,0.0005271944468851594
Kami & Purple Schulz,0.0005271944468851594
Schnappi und das Lama,0.0005271944468851594
Thomas Godoj,0.0005271944468851594
Rin,0.0005271944468851594
Fehlfarben,0.0005271944468851594
Capital Bra feat. Summer Cem & KC Rebell,0.0005271944468851594
Summer Cem,0.0005271944468851594
Paso Doble,0.0005271944468851594
Sky,0.0005271944468851594
Raptile feat. Xzibit,0.0005271944468851594
Oli.P,0.0005271944468851594
Jürgen Marcus,0.0005271944468851594
10cc,0.0005271944468851594
Cretu,0.0005271944468851594
KC Rebell feat. Summer Cem & Capital Bra,0.0005711273174589228
Liaze,0.0005711273174589228
Céline [DE],0.0005711273174589228
Miksu / Macloud / Jamule / Nimo,0.0005711273174589228
Culture Beat feat. Jo van Nelsen,0.0005711273174589228
1986zig,0.0005711273174589228
Juju x Loredana,0.0005711273174589228
Summer Cem feat. Capital Bra,0.0005711273174589228
Fourty,0.0005711273174589228
Dardan & Monet192,0.0005711273174589228
Fettes Brot mit Modeselektor,0.0005711273174589228
Dolls United feat. Die Blechbüchsenarmee,0.0005711273174589228
Sido feat. Mark Forster,0.0005711273174589228
Luna [DE],0.0005711273174589228
Bürger Lars Dietr!ch,0.0005711273174589228
Lady Gaga,0.0005711273174589228
Aleksey,0.0005711273174589228
Marlon + Freunde,0.0005711273174589228
Karel Gott und Darinka,0.0005711273174589228
Hannes Schöner,0.0005711273174589228
Pinocchio,0.0005711273174589228
Deichkind feat. Nina,0.0005711273174589228
Kim Merz,0.0005711273174589228
Bruce & Bongo,0.0005711273174589228
Walter,0.0005711273174589228
Bushido feat. Karel Gott,0.0005711273174589228
Brothers Keepers,0.0005711273174589228
Trettmann feat. Gzuz,0.0005711273174589228
Seeed feat. Cee-Lo Green,0.0005711273174589228
Laing,0.0005711273174589228
Y-Titty,0.0005711273174589228
Norbert und die Feiglinge,0.0005711273174589228
Sandmann's Dummies feat. Pitty Platsch & Schnatte Rienchen,0.0005711273174589228
Kay One,0.0005711273174589228
Zlatko,0.0005711273174589228
Sido feat. Adel Tawil,0.0005711273174589228
Olaf Henning,0.0006150601880326861
DJ Tomekk feat. Fler intr. G-Hot,0.0006150601880326861
Max Herre feat. Philipp Poisel,0.0006150601880326861
Nic,0.0006150601880326861
Sara @ Tic Tac Two,0.0006150601880326861
Chakuza feat. Bushido,0.0006150601880326861
Kayef,0.0006150601880326861
Cassandra Steen,0.0006150601880326861
Zlatko & Jürgen,0.0006150601880326861
Azet feat. RAF Camora,0.0006150601880326861
Maya Saban + Cosmo Klein,0.0006150601880326861
Adel Tawil feat. Matisyahu,0.0006150601880326861
Maxim [DE],0.0006150601880326861
Steinwolke,0.0006150601880326861
Philippe,0.0006150601880326861
Thomas D / Nina Hagen,0.0006150601880326861
Volker Lechtenbrink,0.0006150601880326861
Guildo Horn & die Orthopädischen Strümpfe,0.0006150601880326861
Stefan Waggershausen & Alice,0.0006150601880326861
Ixi,0.0006150601880326861
AK Ausserkontrolle,0.0006150601880326861
Michael Schanze und die Fußball-Nationalmannschaft WM '82,0.0006150601880326861
Roger Cicero,0.0006589930586064493
Laura,0.0006589930586064493
Milva,0.0006589930586064493
Farid Bang,0.0006589930586064493
"01099 - Gustav, Zachi",0.0006589930586064493
Samra x Topic42,0.0006589930586064493
Darude,0.0006589930586064493
Münchener Freiheit mit dem London Symphony Orchestra,0.0006589930586064493
Helge Schneider & Hardcore,0.0006589930586064493
Mark Forster x Vize,0.0006589930586064493
Capital Bra feat. Xatar x SAMY,0.0006589930586064493
Hannes Kröger,0.0006589930586064493
Die Atzen mit Nena,0.0006589930586064493
Bosse,0.0006589930586064493
Mario Jordan,0.0006589930586064493
Juju [DE],0.0006589930586064493
Sebastian Hämer,0.0007029259291802127
Azad feat. Adel Tawil,0.0007029259291802127
Eko Fresh feat. G-Style,0.0007029259291802127
Curse mit Silbermond,0.0007029259291802127
Lukas Hilbert,0.0007029259291802127
Jan Delay a. k. a. Eissfeldt feat. Dennis Dubplate / Absolute Beginner,0.0007029259291802127
KitschKrieg feat. Jamule,0.0007029259291802127
Leinemann,0.0007029259291802127
Philipp Dittberner,0.0007029259291802127
KC Rebell feat. Moé,0.0007029259291802127
Loredana feat. Mozzik,0.0007029259291802127
T»MA a.k.a. Falco,0.0007029259291802127
Farin Urlaub,0.0007029259291802127
Rolf und seine Freunde,0.0007029259291802127
Kris feat. Dante Thomas,0.0007029259291802127
Sha,0.0007029259291802127
LEA x Cyril,0.0007029259291802127
Die Doraus & die Marinas,0.0007029259291802127
ART,0.0007029259291802127
Killerpilze,0.0007029259291802127
Tauchen Prokopetz,0.0007029259291802127
Heino,0.0007468587997539759
Freundeskreis mit Joy Denalane,0.0007468587997539759
Dieter Hallervorden,0.0007468587997539759
Extrabreit mit Hildegard Knef,0.0007468587997539759
RIN & Bausa,0.0007468587997539759
LEA,0.0007468587997539759
Spektacoolär,0.0007468587997539759
Die Doofen,0.0007468587997539759
Franka Potente & Thomas D,0.0007468587997539759
Kiz,0.0007468587997539759
Zeichen der Zeit,0.0007468587997539759
Paul van Dyk / Peter Heppner,0.0007468587997539759
Witt,0.0007468587997539759
Johannes Oerding,0.0007468587997539759
Xavas,0.0007468587997539759
Das Bo,0.0007468587997539759
Absolute Beginner,0.0007468587997539759
Lea [DE],0.0007468587997539759
Samra x Capital Bra,0.0007468587997539759
Angelika Milster,0.0007468587997539759
Pe Werner,0.0007907916703277392
Udo Jürgens und die Fußball-Nationalmannschaft,0.0007907916703277392
Sido feat. Apache 207,0.0007907916703277392
Tone Band,0.0007907916703277392
Katja Krasavice,0.0007907916703277392
Cinematic feat. Heinz Rühmann & Oliver Grimm,0.0007907916703277392
Beginner,0.0007907916703277392
Leon Machère,0.0007907916703277392
DJ Robin & Schürze,0.0007907916703277392
SDP feat. Clueso,0.0007907916703277392
Jawoll,0.0007907916703277392
Bausa x Joshi Mizu x Maxwell,0.0007907916703277392
Nimo & Capo,0.0007907916703277392
Domiziana,0.0007907916703277392
Clowns & Helden,0.0007907916703277392
T-Low,0.0007907916703277392
Caterina Valente,0.0008347245409015025
Muhabbet,0.0008347245409015025
ZaZa,0.0008347245409015025
Rudi Carrell,0.0008347245409015025
Purple Schulz und Die Neue Heimat,0.0008347245409015025
Christian,0.0008347245409015025
Kasimir1441 x Badmómzjay,0.0008347245409015025
Wind,0.0008347245409015025
Olexesh feat. Edin,0.0008347245409015025
C Arma,0.0008347245409015025
Aquagen,0.0008347245409015025
Kummer feat. Fred Rabe,0.0008347245409015025
Benny,0.0008347245409015025
Die Schlümpfe,0.0008786574114752658
Basis,0.0008786574114752658
Ferris MC,0.0008786574114752658
"KitschKrieg feat. Trettmann, Gringo, Ufo361 & Gzuz",0.0008786574114752658
Capital Bra feat. Juju,0.0008786574114752658
Horst Schlämmer,0.0008786574114752658
Torfrock,0.0008786574114752658
Curse,0.0008786574114752658
Time To Time,0.0008786574114752658
Azet,0.000922590282049029
AK Ausserkontrolle x Bonez MC,0.000922590282049029
Bruce Low,0.000922590282049029
Wolfsheim,0.000922590282049029
Alex C. feat. Y-ass,0.000922590282049029
Bläck Fööss,0.000922590282049029
T-Low & Miksu / Macloud,0.000922590282049029
Ted Herold,0.000922590282049029
K2,0.000922590282049029
Hans Hartz,0.000922590282049029
Ella Endlich,0.000922590282049029
Civo,0.0009665231526227924
Fero47,0.0009665231526227924
Ben feat. Gim,0.0009665231526227924
Casper,0.0009665231526227924
Die Fantastischen Vier feat. Clueso,0.0009665231526227924
Julian Sommer,0.0009665231526227924
Nickerbocker & Biene,0.0009665231526227924
Bino,0.0009665231526227924
Mark Forster x Lea,0.0009665231526227924
Summer Cem & Bausa,0.0009665231526227924
Ion Miles / SiraOne / BHZ,0.0009665231526227924
Capital Bra feat. Ufo361,0.0009665231526227924
Gestört aber GeiL feat. Lea,0.0009665231526227924
Lune,0.0009665231526227924
Andreas Martin,0.0009665231526227924
Daliah Lavi,0.0009665231526227924
Udo Lindenberg & Pascal,0.0010104560231965556
Christian Anders,0.0010104560231965556
Kool Savas x Alies,0.0010104560231965556
Samy Deluxe,0.0010104560231965556
Herbert Grönemeyer feat. Amadou & Mariam,0.0010104560231965556
Kay One feat. Pietro Lombardi,0.0010104560231965556
Kool Savas & Azad,0.0010104560231965556
Buddy vs. DJ The Wave,0.0010104560231965556
Ben,0.0010104560231965556
La Bouche,0.0010104560231965556
Laserkraft 3D,0.001054388893770319
Beginner feat. Gzuz & Gentleman,0.001054388893770319
Eisblume,0.001054388893770319
Diether Krebs,0.001054388893770319
Fettes Brot mit Finkenauer,0.001054388893770319
Grauzone,0.001054388893770319
Capo,0.001054388893770319
Manuel & Pony,0.001054388893770319
Willem,0.001054388893770319
Schiller,0.001054388893770319
Alex C. feat. Yass,0.001054388893770319
Udo Lindenberg feat. Clueso,0.001054388893770319
Peter Cornelius,0.001054388893770319
Freundeskreis,0.0010983217643440821
Cliff Richard,0.0010983217643440821
EFF,0.0010983217643440821
Bausa feat. Apache 207,0.0010983217643440821
Jonny Hill,0.0010983217643440821
Superboys,0.0011422546349178456
Timmy,0.0011422546349178456
Stefan Waggershausen & Viktor Lazlo,0.0011422546349178456
Tony Marshall,0.0011422546349178456
Eno,0.0011422546349178456
Wencke Myhre,0.0011861875054916089
Jürgen von der Lippe,0.0011861875054916089
Gebrüder Blattschuss,0.0011861875054916089
Revolverheld feat. Marta Jandová,0.0011861875054916089
KC Rebell,0.0011861875054916089
Gestört aber GeiL feat. Sebastian Hämer,0.0012301203760653721
MoTrip feat. Lary,0.0012301203760653721
KC Rebell x Summer Cem,0.0012301203760653721
Schnappi,0.0012301203760653721
Glashaus,0.0012301203760653721
Dolls United feat. Jim Knopf & Lukas der Lokomotivführer,0.0012301203760653721
Frl. Menke,0.0012301203760653721
Bonez MC & RAF Camora feat. Gzuz,0.0012740532466391354
Schnuffel,0.0012740532466391354
Capital Bra x Samra & Lea,0.0012740532466391354
Der Wolf,0.0012740532466391354
Samra & Capital Bra,0.0012740532466391354
Fred Sonnenschein und seine Freunde,0.0012740532466391354
Witt / Heppner,0.0012740532466391354
Cappuccino,0.0012740532466391354
Miksu / MacLoud & T-Low,0.0012740532466391354
Azet & Zuna,0.0012740532466391354
Massive Töne,0.0013179861172128986
Namika,0.0013179861172128986
Fler,0.0013179861172128986
Alligatoah,0.0013179861172128986
Overground,0.0013179861172128986
Rex Gildo,0.0013179861172128986
Miami Yacine,0.0013179861172128986
Die Firma,0.0013179861172128986
Purple Schulz,0.0013179861172128986
Marteria / Yasha / Miss Platnum,0.0013179861172128986
Johanna von Koczian,0.001361918987786662
Richie,0.001361918987786662
AnnenMayKantereit,0.001361918987786662
Roy Black,0.001361918987786662
Ideal,0.001361918987786662
Katja Ebstein,0.001361918987786662
Cassandra Steen feat. Adel Tawil,0.001361918987786662
Samajona,0.001361918987786662
Lucilectric,0.001361918987786662
2raumwohnung,0.0014058518583604253
Oliver Pocher,0.0014058518583604253
Die Wildecker Herzbuben,0.0014058518583604253
BAP,0.0014058518583604253
RZA feat. Xavier Naidoo,0.0014058518583604253
Annett Louisan,0.0014058518583604253
Pajel,0.0014058518583604253
Hape Kerkeling,0.0014497847289341886
Henry Valentino + Uschi,0.0014497847289341886
Gestört aber GeiL & Koby Funk feat. Wincent Weiss,0.0014497847289341886
Geier Sturzflug,0.0014497847289341886
Achim Reichel,0.0014937175995079518
Thomas D,0.0014937175995079518
Stefan Raab,0.0014937175995079518
Sido feat. Andreas Bourani,0.0014937175995079518
Original Naabtal Duo,0.0014937175995079518
UKW,0.001537650470081715
Die Gerd Show,0.001537650470081715
Gottlieb Wendehals,0.001537650470081715
Dschinghis Khan,0.001537650470081715
Relax,0.0015815833406554783
Klaus Lage Band,0.0015815833406554783
Böhse Onkelz,0.0015815833406554783
Kollegah,0.0015815833406554783
Joris,0.0016255162112292418
Rapsoul,0.0016255162112292418
Veysel,0.0016255162112292418
Capital Bra x Samra,0.0016255162112292418
Philipp Dittberner & Marv,0.0016255162112292418
Philipp Poisel,0.001669449081803005
Oomph!,0.001669449081803005
Die Flippers,0.001669449081803005
257ers,0.001669449081803005
DJ Ötzi,0.001669449081803005
Markus,0.001669449081803005
Gzuz,0.001669449081803005
Max Giesinger,0.001669449081803005
Pietro Lombardi,0.0017133819523767683
Hoffmann & Hoffmann,0.0017133819523767683
SDP feat. Adel Tawil,0.0017133819523767683
Die Atzen (Frauenarzt & Manny Marc),0.0017133819523767683
Peter Schilling,0.0017133819523767683
Tommy Steiner,0.0017133819523767683
Band ohne Namen,0.0017573148229505316
Gunter Gabriel,0.0017573148229505316
Klaus & Klaus,0.0017573148229505316
Clueso,0.0017573148229505316
Juju feat. Henning May,0.0017573148229505316
Stereoact feat. Kerstin Ott,0.0018012476935242948
Joachim Witt,0.0018012476935242948
Chris Roberts,0.0018012476935242948
Anton feat. DJ Ötzi,0.0018012476935242948
Peter Orloff,0.0018012476935242948
Bonez MC & RAF Camora feat. Maxwell,0.0018012476935242948
Jupiter Jones,0.0018012476935242948
Tim Toupet,0.001845180564098058
Mike Krüger,0.001845180564098058
Udo Jürgens,0.001845180564098058
E Nomine,0.001845180564098058
G.G. Anderson,0.001845180564098058
Christian Franke,0.001845180564098058
Tony Holiday,0.0018891134346718215
Paola,0.0019330463052455848
Stephan Remmler,0.0019330463052455848
Spliff,0.0019330463052455848
Peter Fox,0.001976979175819348
Mark Forster feat. Sido,0.001976979175819348
RAF Camora feat. Bonez MC,0.001976979175819348
Kraftwerk,0.001976979175819348
Vicky Leandros,0.001976979175819348
Jan Delay,0.0020209120463931113
Mia.,0.0020209120463931113
Kollegah & Farid Bang,0.0020209120463931113
Truck Stop,0.0020209120463931113
Jamule,0.0020648449169668745
Marteria,0.0020648449169668745
Höhner,0.0020648449169668745
Extrabreit,0.0020648449169668745
Ayman,0.002152710658114401
Marianne Rosenberg,0.002152710658114401
Gitte,0.002152710658114401
Frida Gold,0.0021966435286881643
Oli. P,0.002240576399261928
Nana Mouskouri,0.002240576399261928
Loredana,0.002240576399261928
Montez,0.002240576399261928
Adel Tawil,0.0022845092698356912
Sabrina Setlur,0.0023723750109832177
Laith Al-Deen,0.0023723750109832177
Frauenarzt & Manny Marc,0.002416307881556981
Seeed,0.002416307881556981
Deichkind,0.002416307881556981
Karel Gott,0.0024602407521307442
Wir sind Helden,0.0024602407521307442
Costa Cordalis,0.0025041736227045075
Echt,0.0025041736227045075
Shindy,0.0025041736227045075
Karat,0.0025041736227045075
Wincent Weiss,0.0025041736227045075
Bonez MC,0.0025041736227045075
Nimo,0.0025041736227045075
Rainhard Fendrich,0.002592039363852034
Das Modul,0.0026359722344257972
Hubert Kah,0.0026359722344257972
De Randfichten,0.0026799051049995605
Nino de Angelo,0.0026799051049995605
Die 3. Generation,0.002723837975573324
Andreas Gabalier,0.0027677708461470874
DJ Ötzi & Nik P.,0.0029435023284421404
Juliane Werding,0.0029435023284421404
Shirin David,0.0029435023284421404
Pashanim,0.0029874351990159037
Sarah Connor,0.003031368069589667
Hanne Haller,0.003031368069589667
Michael Holm,0.003031368069589667
Dardan,0.003031368069589667
Nicki,0.003031368069589667
Mero,0.00307530094016343
Trio,0.0031192338107371934
Kontra K,0.0032070995518847204
Bausa,0.0032070995518847204
Andy Borg,0.0032070995518847204
Vader Abraham,0.0032510324224584836
Nicole,0.0032510324224584836
RIN,0.003294965293032247
Udo Lindenberg,0.00333889816360601
Matthias Reim,0.003514629645901063
Roger Whittaker,0.003514629645901063
Tokio Hotel,0.0035585625164748264
LaFee,0.0035585625164748264
RAF Camora,0.003778226869343643
Yvonne Catterfeld,0.0038221597399174063
Bushido,0.0038221597399174063
Bernhard Brink,0.003910025481064933
Pur,0.003910025481064933
Glasperlenspiel,0.003953958351638696
Jürgen Drews,0.003997891222212459
Tim Bendzko,0.003997891222212459
Peter Alexander,0.003997891222212459
Söhne Mannheims,0.004041824092786223
Frank Zander,0.004085756963359986
Münchener Freiheit,0.004129689833933749
Samra,0.004217555575081276
Luciano [DE],0.004261488445655039
Juli,0.004393287057376329
Westernhagen,0.004525085669097619
Ufo361,0.0045690185396713824
Die Prinzen,0.0045690185396713824
Andreas Bourani,0.004788682892540199
Andrea Jürgens,0.004832615763113962
Helene Fischer,0.0049204815042614885
Christina Stürmer,0.004964414374835252
Spider Murphy Gang,0.005228011598277831
Blümchen,0.005228011598277831
Revolverheld,0.005228011598277831
Erste Allgemeine Verunsicherung,0.005403743080572884
Tic Tac Toe,0.005535541692294175
Bonez MC & RAF Camora,0.005579474562867938
Falco,0.005623407433441701
Fettes Brot,0.005623407433441701
Unheilig,0.005755206045162991
Sportfreunde Stiller,0.005799138915736754
Capital Bra,0.00628240049204815
Rammstein,0.007161057903523416
Rosenstolz,0.007600386609261049
Mark Forster,0.007644319479834813
Peter Maffay,0.007644319479834813
Culcha Candela,0.007688252350408576
Die Fantastischen Vier,0.007688252350408576
Herbert Grönemeyer,0.007776118091556102
Roland Kaiser,0.008303312538441262
Cro,0.008479044020736315
Ich + Ich,0.008566909761883842
Silbermond,0.008918372726473948
Sido,0.009050171338195238
Nena,0.009313768561637818
Wolfgang Petry,0.01001669449081803
Die Ärzte,0.011290747737457165
Howard Carpendale,0.011861875054916088
Apache 207,0.011949740796063615
Xavier Naidoo,0.012125472278358668
Die Toten Hosen,0.012652666725243827
